{
  "www.fazenda.gov.br-0" : {
    "transaction" : "www.fazenda.gov.br-0",
    "sampleCount" : 300,
    "errorCount" : 0,
    "errorPct" : 0.0,
    "meanResTime" : 984.7733333333335,
    "medianResTime" : 519.0,
    "minResTime" : 189.0,
    "maxResTime" : 9353.0,
    "pct1ResTime" : 1148.0,
    "pct2ResTime" : 1374.049999999999,
    "pct3ResTime" : 9264.75,
    "throughput" : 14.517299782240503,
    "receivedKBytesPerSec" : 2.0273182313089766,
    "sentKBytesPerSec" : 1.8855477256230342
  },
  "www.correios.com.br" : {
    "transaction" : "www.correios.com.br",
    "sampleCount" : 300,
    "errorCount" : 0,
    "errorPct" : 0.0,
    "meanResTime" : 6430.246666666669,
    "medianResTime" : 5887.0,
    "minResTime" : 845.0,
    "maxResTime" : 14329.0,
    "pct1ResTime" : 11968.6,
    "pct2ResTime" : 12683.25,
    "pct3ResTime" : 13360.750000000002,
    "throughput" : 20.23199352576207,
    "receivedKBytesPerSec" : 2711.134419468236,
    "sentKBytesPerSec" : 2.410452353655247
  },
  "www.gov.br" : {
    "transaction" : "www.gov.br",
    "sampleCount" : 300,
    "errorCount" : 0,
    "errorPct" : 0.0,
    "meanResTime" : 1623.943333333334,
    "medianResTime" : 1304.5,
    "minResTime" : 92.0,
    "maxResTime" : 7186.0,
    "pct1ResTime" : 3540.900000000002,
    "pct2ResTime" : 4741.399999999999,
    "pct3ResTime" : 6355.620000000003,
    "throughput" : 15.712564814329859,
    "receivedKBytesPerSec" : 2019.4990269666894,
    "sentKBytesPerSec" : 3.544533664170115
  },
  "Total" : {
    "transaction" : "Total",
    "sampleCount" : 2100,
    "errorCount" : 0,
    "errorPct" : 0.0,
    "meanResTime" : 2809.507142857149,
    "medianResTime" : 1509.0,
    "minResTime" : 30.0,
    "maxResTime" : 14329.0,
    "pct1ResTime" : 7266.8,
    "pct2ResTime" : 9498.9,
    "pct3ResTime" : 12413.51999999999,
    "throughput" : 91.20917303683113,
    "receivedKBytesPerSec" : 11234.351247611188,
    "sentKBytesPerSec" : 14.200535310979847
  },
  "www.fazenda.gov.br-1" : {
    "transaction" : "www.fazenda.gov.br-1",
    "sampleCount" : 300,
    "errorCount" : 0,
    "errorPct" : 0.0,
    "meanResTime" : 4009.1466666666697,
    "medianResTime" : 4118.0,
    "minResTime" : 220.0,
    "maxResTime" : 10151.0,
    "pct1ResTime" : 7059.8,
    "pct2ResTime" : 8968.149999999998,
    "pct3ResTime" : 9782.5,
    "throughput" : 13.904338153503893,
    "receivedKBytesPerSec" : 3273.5127699034806,
    "sentKBytesPerSec" : 1.8059345453281423
  },
  "www.fazenda.gov.br" : {
    "transaction" : "www.fazenda.gov.br",
    "sampleCount" : 300,
    "errorCount" : 0,
    "errorPct" : 0.0,
    "meanResTime" : 4994.6433333333325,
    "medianResTime" : 5089.5,
    "minResTime" : 717.0,
    "maxResTime" : 10800.0,
    "pct1ResTime" : 8996.600000000006,
    "pct2ResTime" : 9646.8,
    "pct3ResTime" : 10662.94,
    "throughput" : 13.719303059404583,
    "receivedKBytesPerSec" : 3231.865644792953,
    "sentKBytesPerSec" : 3.563803333790643
  },
  "www.gov.br-1" : {
    "transaction" : "www.gov.br-1",
    "sampleCount" : 300,
    "errorCount" : 0,
    "errorPct" : 0.0,
    "meanResTime" : 1399.1033333333332,
    "medianResTime" : 1047.0,
    "minResTime" : 60.0,
    "maxResTime" : 6929.0,
    "pct1ResTime" : 3166.200000000002,
    "pct2ResTime" : 4435.15,
    "pct3ResTime" : 5863.71,
    "throughput" : 16.260162601626018,
    "receivedKBytesPerSec" : 2074.1092373814363,
    "sentKBytesPerSec" : 1.873729674796748
  },
  "www.gov.br-0" : {
    "transaction" : "www.gov.br-0",
    "sampleCount" : 300,
    "errorCount" : 0,
    "errorPct" : 0.0,
    "meanResTime" : 224.6933333333333,
    "medianResTime" : 152.0,
    "minResTime" : 30.0,
    "maxResTime" : 1267.0,
    "pct1ResTime" : 521.1000000000004,
    "pct2ResTime" : 693.6999999999999,
    "pct3ResTime" : 922.99,
    "throughput" : 15.781998000946922,
    "receivedKBytesPerSec" : 15.307459213398916,
    "sentKBytesPerSec" : 1.741568138776369
  }
}