{
  "www.fazenda.gov.br-0" : {
    "transaction" : "www.fazenda.gov.br-0",
    "sampleCount" : 10,
    "errorCount" : 0,
    "errorPct" : 0.0,
    "meanResTime" : 1018.5,
    "medianResTime" : 99.0,
    "minResTime" : 54.0,
    "maxResTime" : 9187.0,
    "pct1ResTime" : 8301.300000000003,
    "pct2ResTime" : 9187.0,
    "pct3ResTime" : 9187.0,
    "throughput" : 1.0708931248661384,
    "receivedKBytesPerSec" : 0.14954855161704864,
    "sentKBytesPerSec" : 0.13909061094452774
  },
  "www.correios.com.br" : {
    "transaction" : "www.correios.com.br",
    "sampleCount" : 10,
    "errorCount" : 0,
    "errorPct" : 0.0,
    "meanResTime" : 662.1,
    "medianResTime" : 545.5,
    "minResTime" : 406.0,
    "maxResTime" : 1281.0,
    "pct1ResTime" : 1258.0,
    "pct2ResTime" : 1281.0,
    "pct3ResTime" : 1281.0,
    "throughput" : 5.537098560354375,
    "receivedKBytesPerSec" : 742.3540455426356,
    "sentKBytesPerSec" : 0.6596933831672204
  },
  "www.gov.br" : {
    "transaction" : "www.gov.br",
    "sampleCount" : 10,
    "errorCount" : 0,
    "errorPct" : 0.0,
    "meanResTime" : 253.39999999999998,
    "medianResTime" : 293.0,
    "minResTime" : 100.0,
    "maxResTime" : 388.0,
    "pct1ResTime" : 383.70000000000005,
    "pct2ResTime" : 388.0,
    "pct3ResTime" : 388.0,
    "throughput" : 1.0155377272265664,
    "receivedKBytesPerSec" : 130.5237715167056,
    "sentKBytesPerSec" : 0.22909103026302427
  },
  "Total" : {
    "transaction" : "Total",
    "sampleCount" : 70,
    "errorCount" : 0,
    "errorPct" : 0.0,
    "meanResTime" : 598.4714285714284,
    "medianResTime" : 318.0,
    "minResTime" : 27.0,
    "maxResTime" : 9906.0,
    "pct1ResTime" : 759.6999999999999,
    "pct2ResTime" : 1154.5000000000007,
    "pct3ResTime" : 9906.0,
    "throughput" : 6.310285765798251,
    "receivedKBytesPerSec" : 777.3036064409988,
    "sentKBytesPerSec" : 0.9824607860813125
  },
  "www.fazenda.gov.br-1" : {
    "transaction" : "www.fazenda.gov.br-1",
    "sampleCount" : 10,
    "errorCount" : 0,
    "errorPct" : 0.0,
    "meanResTime" : 491.0,
    "medianResTime" : 435.0,
    "minResTime" : 303.0,
    "maxResTime" : 763.0,
    "pct1ResTime" : 758.4,
    "pct2ResTime" : 763.0,
    "pct3ResTime" : 763.0,
    "throughput" : 1.0063399416322834,
    "receivedKBytesPerSec" : 236.92308418033613,
    "sentKBytesPerSec" : 0.1307062619502868
  },
  "www.fazenda.gov.br" : {
    "transaction" : "www.fazenda.gov.br",
    "sampleCount" : 10,
    "errorCount" : 0,
    "errorPct" : 0.0,
    "meanResTime" : 1511.1999999999998,
    "medianResTime" : 591.0,
    "minResTime" : 407.0,
    "maxResTime" : 9906.0,
    "pct1ResTime" : 9002.100000000002,
    "pct2ResTime" : 9906.0,
    "pct3ResTime" : 9906.0,
    "throughput" : 0.9943323058566172,
    "receivedKBytesPerSec" : 234.23497781396043,
    "sentKBytesPerSec" : 0.25829335288853533
  },
  "www.gov.br-1" : {
    "transaction" : "www.gov.br-1",
    "sampleCount" : 10,
    "errorCount" : 0,
    "errorPct" : 0.0,
    "meanResTime" : 214.1,
    "medianResTime" : 237.0,
    "minResTime" : 65.0,
    "maxResTime" : 354.0,
    "pct1ResTime" : 349.20000000000005,
    "pct2ResTime" : 354.0,
    "pct3ResTime" : 354.0,
    "throughput" : 1.019160211985324,
    "receivedKBytesPerSec" : 130.0006528995108,
    "sentKBytesPerSec" : 0.11744229005299633
  },
  "www.gov.br-0" : {
    "transaction" : "www.gov.br-0",
    "sampleCount" : 10,
    "errorCount" : 0,
    "errorPct" : 0.0,
    "meanResTime" : 39.0,
    "medianResTime" : 34.0,
    "minResTime" : 27.0,
    "maxResTime" : 80.0,
    "pct1ResTime" : 76.20000000000002,
    "pct2ResTime" : 80.0,
    "pct3ResTime" : 80.0,
    "throughput" : 1.0392849719393058,
    "receivedKBytesPerSec" : 1.0082282139887757,
    "sentKBytesPerSec" : 0.11468672053627105
  }
}